{
    "loss": 2.634115695953369,
    "accuracy": 0.7647058963775635
}